<?xml version="1.0"?>
<!DOCTYPE hibernate-mapping PUBLIC "-//Hibernate/Hibernate Mapping DTD 3.0//EN" "http://www.hibernate.org/dtd/hibernate-mapping-3.0.dtd">
<hibernate-mapping>
  <class name="com.banque.entity.OperationEntity" table="operation">
    <id name="id" type="java.lang.Integer">
      <column name="id" />
      <generator class="native" />
    </id>
    <!-- 
      <many-to-one name="compte" class="com.banque.entite.Compte" fetch="select">
        <column name="compteId" not-null="true" />
      </many-to-one> 
     -->
    <property name="libelle" type="string">
      <column name="libelle" length="250" />
    </property>
    <property name="montant" type="java.lang.Double">
      <column name="montant" precision="22" scale="0" />
    </property>
    <property name="date" type="timestamp">
      <column name="date" length="19" />
    </property>
    <property name="compteId" type="integer" not-null="true">
      <column name="compteId" />
    </property>

  </class>
</hibernate-mapping>
