<?xml version="1.0" encoding="UTF-8"?><utilisateurs><utilisateur sex="true" id="1000"><login>66c62088</login><password>5aa820c4-02d</password><nom>Marchal</nom><prenom>Valentin</prenom><adresse>93 AVENUE DE PEZENAS LE NOYER</adresse><codePostal>18260</codePostal><derniereConnection>06/07/2016 14:52:15</derniereConnection><dateDeNaissance>01/07/2004</dateDeNaissance></utilisateur><utilisateur sex="false" id="1001"><login>c0fb7248</login><password>3e7dbff6-396</password><nom>Cousin</nom><prenom>Lea</prenom><adresse>5 QUARTIER DE PONCHONNIERE SAINT HAON LE VIEUX</adresse><codePostal>42370</codePostal><dateDeNaissance>04/09/1966</dateDeNaissance></utilisateur><utilisateur sex="false" id="1002"><login>638c8404</login><password>2a831d97-554</password><nom>Valentin</nom><prenom>Maelys</prenom><adresse>18 RUE DE KERAVEL MORAGNE</adresse><telephone>5026822182</telephone><codePostal>17430</codePostal><derniereConnection>06/07/2016 14:52:15</derniereConnection></utilisateur><utilisateur sex="false" id="1003"><login>cfb8c262</login><password>392a6d58-571</password><nom>Mallet</nom><prenom>Assia</prenom><adresse>6 RUE PRINCIPALE LA BERNERIE EN RETZ</adresse><codePostal>44760</codePostal><derniereConnection>06/07/2016 14:52:15</derniereConnection><dateDeNaissance>02/04/1985</dateDeNaissance></utilisateur><utilisateur sex="true" id="1004"><login>6bbe9709</login><password>9c5d4844-da5</password><nom>Carpentier</nom><prenom>Romain</prenom><adresse>33 RUE DES ALLIES DOMPNAC</adresse><telephone>2475959404</telephone><codePostal>7260</codePostal><derniereConnection>06/07/2016 14:52:15</derniereConnection></utilisateur><utilisateur sex="false" id="1005"><login>5d47f5e3</login><password>34ea2b26-e11</password><nom>Da silva</nom><prenom>Melanie</prenom><adresse>38 GRANDE RUE LABASTIDE ROUAIROUX</adresse><telephone>3652793317</telephone><codePostal>81270</codePostal></utilisateur><utilisateur sex="true" id="1006"><login>076e55b7</login><password>99ae6e4e-450</password><nom>Legrand</nom><prenom>Enzo</prenom><adresse>51 PETITE RUE ST PYTHON</adresse><codePostal>59730</codePostal><dateDeNaissance>23/11/1962</dateDeNaissance></utilisateur><utilisateur sex="false" id="1007"><login>1169dce9</login><password>60f7abc3-c89</password><nom>Gonzalez</nom><prenom>Lily</prenom><adresse>62 CHEMIN DE POURRADEL PAILLART</adresse><telephone>8991357479</telephone><codePostal>60120</codePostal></utilisateur><utilisateur sex="true" id="1008"><login>8bf9753f</login><password>79a7a71a-1e4</password><nom>Pasquier</nom><prenom>Dylan</prenom><adresse>23 ALLEE DES CHEVALIERS SAINT AVIT DE VIALARD</adresse><telephone>3256686769</telephone><codePostal>24260</codePostal></utilisateur><utilisateur sex="false" id="1009"><login>a3fc9d8e</login><password>eb75f1b7-03b</password><nom>Meyer</nom><prenom>Charline</prenom><adresse>5 RUE MARCELLIN BERTHELOT SERILHAC</adresse><codePostal>19190</codePostal><derniereConnection>06/07/2016 14:52:15</derniereConnection></utilisateur><utilisateur sex="true" id="1010"><login>f753c823</login><password>6b6a7447-204</password><nom>Gautier</nom><prenom>Timothee</prenom><adresse>5 PL DU FORMUTIN ROSENWILLER</adresse><codePostal>67560</codePostal><dateDeNaissance>17/12/1990</dateDeNaissance></utilisateur><utilisateur sex="false" id="1011"><login>1bad2334</login><password>f9f78e21-19e</password><nom>Roche</nom><prenom>Elea</prenom><adresse>24 RUE DES DEUX COMMUNES JUSSAC</adresse><telephone>9634012707</telephone><codePostal>15250</codePostal></utilisateur><utilisateur sex="false" id="1012"><login>dd1c0c2b</login><password>b8e58348-987</password><nom>Weber</nom><prenom>Juliette</prenom><adresse>12 ROUTE DE HAZERA LES SORINIERES</adresse><codePostal>44840</codePostal><dateDeNaissance>29/11/1995</dateDeNaissance></utilisateur><utilisateur sex="false" id="1013"><login>c142c611</login><password>b79d39cc-fe2</password><nom>Moreau</nom><prenom>Laura</prenom><adresse>94 RUE HUBER ACHERES</adresse><codePostal>78260</codePostal><derniereConnection>06/07/2016 14:52:15</derniereConnection></utilisateur><utilisateur sex="true" id="1014"><login>977b55c1</login><password>95880193-397</password><nom>Leroy</nom><prenom>Martin</prenom><adresse>31 QUAI DE L OURCQ PORTETS</adresse><codePostal>33640</codePostal><derniereConnection>06/07/2016 14:52:15</derniereConnection><dateDeNaissance>14/09/1983</dateDeNaissance></utilisateur><utilisateur sex="false" id="1015"><login>baec9f78</login><password>674f5409-30f</password><nom>Roux</nom><prenom>Ilona</prenom><adresse>28 RUE JEAN DE LA FONTAINE COULANGES LES NEVERS</adresse><telephone>9915804481</telephone><codePostal>58660</codePostal><derniereConnection>06/07/2016 14:52:15</derniereConnection><dateDeNaissance>10/08/1956</dateDeNaissance></utilisateur><utilisateur sex="false" id="1016"><login>4d943be9</login><password>34e1bf86-96c</password><nom>Leclerc</nom><prenom>Enora</prenom><adresse>6 CHEMIN DE VIDEAU PULVERSHEIM</adresse><codePostal>68840</codePostal></utilisateur><utilisateur sex="true" id="1017"><login>0e6e4a13</login><password>bd2ce74e-d62</password><nom>Thosca</nom><prenom>Johan</prenom><adresse>4622 BD LECLERC TANCUA</adresse><telephone>5026512747</telephone><codePostal>39400</codePostal><derniereConnection>06/07/2016 14:52:15</derniereConnection></utilisateur><utilisateur sex="false" id="1018"><login>76ebadbe</login><password>3ac7c641-e0b</password><nom>Dupuy</nom><prenom>Morgane</prenom><adresse>25 RUE ETIENNE DOLET MEAULTE</adresse><telephone>9317847581</telephone><codePostal>80810</codePostal><derniereConnection>06/07/2016 14:52:15</derniereConnection><dateDeNaissance>10/10/1998</dateDeNaissance></utilisateur><utilisateur sex="false" id="1019"><login>e045cc64</login><password>f862be35-8ec</password><nom>Dos santos</nom><prenom>Oceane</prenom><adresse>6 ALLEE DU MOUSTOIR FLAMM TOULOUSE</adresse><codePostal>31300</codePostal><derniereConnection>06/07/2016 14:52:15</derniereConnection></utilisateur><utilisateur sex="true" id="1020"><login>2c2bfec3</login><password>999a9701-039</password><nom>Brun</nom><prenom>Lucas</prenom><adresse>96 AVENUE RHIN ET DANUBE LOMBRON</adresse><telephone>0452583776</telephone><codePostal>72450</codePostal><dateDeNaissance>16/10/1960</dateDeNaissance></utilisateur><utilisateur sex="true" id="1021"><login>dc5b22c9</login><password>7a0072c9-331</password><nom>Lebreton</nom><prenom>Yanis</prenom><adresse>7 RUE DES DEPORTES MONT LE VIGNOBLE</adresse><codePostal>54113</codePostal><dateDeNaissance>18/12/1966</dateDeNaissance></utilisateur><utilisateur sex="true" id="1022"><login>504e9f5e</login><password>3cbe2dbb-adc</password><nom>Duval</nom><prenom>Steven</prenom><adresse>48 RUE DE LIERS GRANGE LE BOCAGE</adresse><telephone>6773697676</telephone><codePostal>89260</codePostal><derniereConnection>06/07/2016 14:52:15</derniereConnection></utilisateur><utilisateur sex="true" id="1023"><login>fa81ab2b</login><password>abe90aef-c76</password><nom>Gonzalves</nom><prenom>Esteban</prenom><adresse>10 AVENUE VERRIER ST AMAND</adresse><codePostal>50160</codePostal><derniereConnection>06/07/2016 14:52:15</derniereConnection><dateDeNaissance>06/04/1993</dateDeNaissance></utilisateur><utilisateur sex="false" id="1024"><login>c4aec9ef</login><password>0175499d-7fa</password><nom>Navarro</nom><prenom>Clemence</prenom><adresse>6 RUE FREDERIC CHOPIN VAIRES SUR MARNE</adresse><telephone>2507778167</telephone><codePostal>77360</codePostal><derniereConnection>06/07/2016 14:52:15</derniereConnection><dateDeNaissance>10/11/1977</dateDeNaissance></utilisateur><utilisateur sex="false" id="1025"><login>dad5a7ef</login><password>253f8b0b-048</password><nom>Carlier</nom><prenom>Leane</prenom><adresse>6 LOTISSEMENT DE LA MONTAGNE CAZOULES</adresse><telephone>4117757773</telephone><codePostal>24370</codePostal><derniereConnection>06/07/2016 14:52:15</derniereConnection></utilisateur><utilisateur sex="false" id="1026"><login>eb277c5e</login><password>e1bcd6df-4e1</password><nom>Pelletier</nom><prenom>Leila</prenom><adresse>1 ALLEE DE L ORMEAU ILE AUX MOINES</adresse><codePostal>56780</codePostal><derniereConnection>06/07/2016 14:52:15</derniereConnection></utilisateur><utilisateur sex="true" id="1027"><login>cf376b95</login><password>1837a104-1d8</password><nom>Caron</nom><prenom>Mathis</prenom><adresse>30 RUE NATIONALE BUIRONFOSSE</adresse><telephone>8889017928</telephone><codePostal>2620</codePostal><derniereConnection>06/07/2016 14:52:15</derniereConnection></utilisateur><utilisateur sex="false" id="1028"><login>a8b23376</login><password>969da189-cce</password><nom>Peltier</nom><prenom>Charline</prenom><adresse>52 AVENUE DE LA PANOUSE SAINT GEORGES SUR FONTAINE</adresse><codePostal>76690</codePostal></utilisateur><utilisateur sex="true" id="1029"><login>8dd2e30d</login><password>4a1b2734-30c</password><nom>Maurny</nom><prenom>Enzo</prenom><adresse>31 BOULEVARD DU 14 JUILLET SAINT REMY</adresse><telephone>9696632320</telephone><codePostal>19290</codePostal><derniereConnection>06/07/2016 14:52:15</derniereConnection><dateDeNaissance>26/10/1958</dateDeNaissance></utilisateur><utilisateur sex="false" id="1030"><login>b54687fc</login><password>96175cd0-a31</password><nom>Leduc</nom><prenom>Amelie</prenom><adresse>18 RUE PIERRE ET MARIE CURIE SOLLACARO</adresse><codePostal>20140</codePostal><derniereConnection>06/07/2016 14:52:15</derniereConnection></utilisateur><utilisateur sex="false" id="1031"><login>ffc8fd19</login><password>eba55a5c-410</password><nom>Baron</nom><prenom>Maelys</prenom><adresse>144 RUE DU GRAND ARC DORNES</adresse><codePostal>58390</codePostal><dateDeNaissance>09/11/1976</dateDeNaissance></utilisateur><utilisateur sex="true" id="1032"><login>5692fbb2</login><password>e3ef0acc-9f4</password><nom>Lebrun</nom><prenom>Alexis</prenom><adresse>22 RUE PIECES DE DESSUS VAULX VRAUCOURT</adresse><telephone>9333189925</telephone><codePostal>62159</codePostal></utilisateur><utilisateur sex="false" id="1033"><login>afaccb35</login><password>f33be19c-950</password><nom>Perrier</nom><prenom>Charline</prenom><adresse>102 BOULEVARD NAPOLEON III LESCHERES</adresse><telephone>9730631963</telephone><codePostal>39170</codePostal></utilisateur><utilisateur sex="true" id="1034"><login>000fc950</login><password>954b0562-455</password><nom>Chevalier</nom><prenom>Yassine</prenom><adresse>4 IMP DU DOCTEUR DROUOT ROUFFIGNAC ST CERNIN DE R</adresse><telephone>3746298926</telephone><codePostal>24580</codePostal><dateDeNaissance>28/07/1976</dateDeNaissance></utilisateur><utilisateur sex="false" id="1035"><login>2ca6ba3e</login><password>6f8ccf4e-828</password><nom>Schneider</nom><prenom>Faustine</prenom><adresse>14 RUE DU BAS LANGRUNE SUR MER</adresse><telephone>5296344273</telephone><codePostal>14830</codePostal></utilisateur><utilisateur sex="false" id="1036"><login>96a7c521</login><password>0513962d-124</password><nom>Lacombe</nom><prenom>Imane</prenom><adresse>42 RUE GARDENAT LAPOSTOL CAHAGNOLLES</adresse><telephone>3924414982</telephone><codePostal>14490</codePostal><derniereConnection>06/07/2016 14:52:15</derniereConnection><dateDeNaissance>19/10/1991</dateDeNaissance></utilisateur><utilisateur sex="false" id="1037"><login>f92c8a95</login><password>b75bb7dc-f68</password><nom>Colin</nom><prenom>Noemie</prenom><adresse>21 RUE GRANDVILLE VILLEPARISIS</adresse><codePostal>77270</codePostal><derniereConnection>06/07/2016 14:52:15</derniereConnection><dateDeNaissance>28/03/2000</dateDeNaissance></utilisateur><utilisateur sex="false" id="1038"><login>b35e3e44</login><password>95ccc5c0-9e1</password><nom>Collet</nom><prenom>Kenza</prenom><adresse>8 RUE VICTOR HUGO ONNION</adresse><codePostal>74490</codePostal><derniereConnection>06/07/2016 14:52:15</derniereConnection><dateDeNaissance>30/10/1966</dateDeNaissance></utilisateur><utilisateur sex="true" id="1039"><login>106d629e</login><password>f388d122-5f1</password><nom>Germain</nom><prenom>David</prenom><adresse>330 ROUTE DE MARLES MONTPELLIER</adresse><codePostal>34080</codePostal><dateDeNaissance>28/04/1984</dateDeNaissance></utilisateur><utilisateur sex="true" id="1040"><login>73a403e2</login><password>14bc9edf-ebc</password><nom>Langlois</nom><prenom>Alexandre</prenom><adresse>9 RUE DU PAVILLON LENCLOITRE</adresse><codePostal>86140</codePostal><derniereConnection>06/07/2016 14:52:15</derniereConnection></utilisateur><utilisateur sex="false" id="1041"><login>0738b187</login><password>d2d6f3af-136</password><nom>Coulon</nom><prenom>Olivia</prenom><adresse>32 RUE EMILE SOUVESTRE SAINT JOSEPH</adresse><codePostal>97212</codePostal><dateDeNaissance>16/06/1962</dateDeNaissance></utilisateur><utilisateur sex="false" id="1042"><login>7e77e7bf</login><password>8e51079d-227</password><nom>Bertin</nom><prenom>Alice</prenom><adresse>7 RUE NEUVE POLLESTRES</adresse><telephone>6443938977</telephone><codePostal>66450</codePostal><dateDeNaissance>24/06/2002</dateDeNaissance></utilisateur><utilisateur sex="true" id="1043"><login>261a95f6</login><password>3e7dcbdd-567</password><nom>Raynaud</nom><prenom>Lenny</prenom><adresse>33 RUE GUSTAVE DELORY MERLETTE</adresse><telephone>1719515980</telephone><codePostal>5170</codePostal></utilisateur><utilisateur sex="true" id="1044"><login>ef740561</login><password>9a02d4fa-64c</password><nom>Colin</nom><prenom>Louis</prenom><adresse>10 RUE DU PERCHE ORSIGNY</adresse><codePostal>91400</codePostal><derniereConnection>06/07/2016 14:52:15</derniereConnection><dateDeNaissance>05/06/1985</dateDeNaissance></utilisateur><utilisateur sex="false" id="1045"><login>b455778f</login><password>c66dee3f-e8c</password><nom>Legrand</nom><prenom>Elisa</prenom><adresse>48 RUE D OUVERT HEROUVILLE ST CLAIR</adresse><telephone>7082081803</telephone><codePostal>14200</codePostal><derniereConnection>06/07/2016 14:52:15</derniereConnection><dateDeNaissance>30/08/1984</dateDeNaissance></utilisateur><utilisateur sex="false" id="1046"><login>43586d83</login><password>48dbe193-686</password><nom>Petit</nom><prenom>Lily</prenom><adresse>30 RUE HAIE DE BAILLEUL CAMPHIN EN CAREMBAULT</adresse><codePostal>59133</codePostal></utilisateur><utilisateur sex="false" id="1047"><login>9c815df1</login><password>eb892fde-952</password><nom>Camus</nom><prenom>Aurore</prenom><adresse>19 RUE DU VAU CHAPERON FONTENOY SUR MOSELLE</adresse><telephone>1169163789</telephone><codePostal>54840</codePostal><derniereConnection>06/07/2016 14:52:15</derniereConnection><dateDeNaissance>21/05/1989</dateDeNaissance></utilisateur><utilisateur sex="false" id="1048"><login>f4e07f41</login><password>49e61551-960</password><nom>Bonnet</nom><prenom>Julie</prenom><adresse>5 RUE DE BETTENDORF BALZAC</adresse><telephone>1119769328</telephone><codePostal>16430</codePostal><derniereConnection>06/07/2016 14:52:15</derniereConnection></utilisateur><utilisateur sex="false" id="1049"><login>034c7203</login><password>9db528fb-7b6</password><nom>Barbier</nom><prenom>Leila</prenom><adresse>14 RUE DES FUSILLES DE 1940 LE GUA</adresse><codePostal>38450</codePostal><derniereConnection>06/07/2016 14:52:15</derniereConnection><dateDeNaissance>08/02/1975</dateDeNaissance></utilisateur><utilisateur sex="true" id="1050"><login>7a2910ea</login><password>258e3d0c-3c2</password><nom>Pichon</nom><prenom>Allan</prenom><adresse>15 RUE DE LARDEMELLE COLOMBIERS DU PLESSIS</adresse><telephone>0400381998</telephone><codePostal>53120</codePostal></utilisateur><utilisateur sex="false" id="1051"><login>b3566d84</login><password>8ab3f2f4-fa7</password><nom>Laine</nom><prenom>Clementine</prenom><adresse>45 RUE DU COTEAU SOUTERNON</adresse><codePostal>42260</codePostal><dateDeNaissance>29/04/2004</dateDeNaissance></utilisateur><utilisateur sex="false" id="1052"><login>34f7e25b</login><password>42c88cbc-c8d</password><nom>Bigot</nom><prenom>Sofia</prenom><adresse>19 RUE PRES SAINT JACQUES BURNEVILLERS</adresse><telephone>7497879951</telephone><codePostal>25470</codePostal><derniereConnection>06/07/2016 14:52:15</derniereConnection></utilisateur><utilisateur sex="false" id="1053"><login>5097077c</login><password>6dc5e9b1-1c2</password><nom>Meyer</nom><prenom>Ophelie</prenom><adresse>39 RUE DE L EGLISE BUSIGNY</adresse><codePostal>59137</codePostal></utilisateur><utilisateur sex="false" id="1054"><login>1f6cd04c</login><password>12328e74-5c6</password><nom>Besson</nom><prenom>Oceane</prenom><adresse>27 ROUTE DE LA FLEUR BOUZIC</adresse><telephone>3104488054</telephone><codePostal>24250</codePostal></utilisateur><utilisateur sex="false" id="1055"><login>35d3ad04</login><password>d3811f29-9f3</password><nom>Maurny</nom><prenom>Ilona</prenom><adresse>2 AVENUE CHARLES PREVET AZEREIX</adresse><codePostal>65380</codePostal><derniereConnection>06/07/2016 14:52:15</derniereConnection><dateDeNaissance>08/01/1987</dateDeNaissance></utilisateur><utilisateur sex="true" id="1056"><login>b226f840</login><password>881e9cf3-8fe</password><nom>Gauthier</nom><prenom>Alban</prenom><adresse>4 RUE GASTON LEPERS COUHE</adresse><telephone>6603222639</telephone><codePostal>86700</codePostal><dateDeNaissance>20/12/1987</dateDeNaissance></utilisateur><utilisateur sex="false" id="1057"><login>67d8d3ca</login><password>517438c1-b91</password><nom>Fournier</nom><prenom>Lily</prenom><adresse>2B RUE DU MOULIN ST ANDRE DES EAUX</adresse><telephone>8393036229</telephone><codePostal>22630</codePostal><derniereConnection>06/07/2016 14:52:15</derniereConnection></utilisateur><utilisateur sex="false" id="1058"><login>6f555e47</login><password>c2e9c8fe-cd5</password><nom>Barre</nom><prenom>Fanny</prenom><adresse>12 RUE DU BOIS DES MOINES ELLECOURT</adresse><telephone>8247931000</telephone><codePostal>76390</codePostal><derniereConnection>06/07/2016 14:52:15</derniereConnection><dateDeNaissance>29/07/1999</dateDeNaissance></utilisateur><utilisateur sex="true" id="1059"><login>dd46387b</login><password>7ca4aea6-d6e</password><nom>Laporte</nom><prenom>Pierre</prenom><adresse>29 LOU CLAPIO ROUFFIAC LAMARCHE SUR SAONE</adresse><telephone>1894388802</telephone><codePostal>21760</codePostal><derniereConnection>06/07/2016 14:52:15</derniereConnection><dateDeNaissance>22/06/1963</dateDeNaissance></utilisateur><utilisateur sex="true" id="1060"><login>f36c0429</login><password>91d0d334-3b9</password><nom>Mallet</nom><prenom>Sacha</prenom><adresse>49 RUE JULES FERRY CHAVENON</adresse><telephone>3908862066</telephone><codePostal>3440</codePostal><derniereConnection>06/07/2016 14:52:15</derniereConnection><dateDeNaissance>06/05/1985</dateDeNaissance></utilisateur><utilisateur sex="true" id="1061"><login>05b2d523</login><password>2fca3edc-e78</password><nom>Collin</nom><prenom>Matthias</prenom><adresse>42 RUE DE L OUCHETTE ROMAGNAT</adresse><telephone>9892946226</telephone><codePostal>63540</codePostal><derniereConnection>06/07/2016 14:52:15</derniereConnection></utilisateur><utilisateur sex="true" id="1062"><login>f70c784a</login><password>6efe3288-b53</password><nom>Couturier</nom><prenom>Joris</prenom><adresse>5 RUE DES PLATANES ARPAJON</adresse><telephone>1089489915</telephone><codePostal>91290</codePostal></utilisateur><utilisateur sex="true" id="1063"><login>c317e6a0</login><password>11534c84-962</password><nom>Navarro</nom><prenom>Aymeric</prenom><adresse>859 ROUTE NATIONALE 85 AUBERIVES EN ROYANS</adresse><codePostal>38680</codePostal><dateDeNaissance>16/10/1981</dateDeNaissance></utilisateur><utilisateur sex="false" id="1064"><login>c93753a1</login><password>b6520fd6-58f</password><nom>Barbier</nom><prenom>Salma</prenom><adresse>7 ALLEE DE L HOMME NOIR PIERRECLOS</adresse><telephone>6179669379</telephone><codePostal>71960</codePostal></utilisateur><utilisateur sex="true" id="1065"><login>1de90eb6</login><password>d990961c-fa2</password><nom>Roster</nom><prenom>Kilian</prenom><adresse>14 VOIE ROMAINE LA FERTE ST CYR</adresse><codePostal>41220</codePostal><derniereConnection>06/07/2016 14:52:15</derniereConnection></utilisateur><utilisateur sex="false" id="1066"><login>60f5f359</login><password>25be6fee-31e</password><nom>Fernandez</nom><prenom>Elsa</prenom><adresse>40 QUAI BLANQUI ST SULPICE LES FEUILLES</adresse><telephone>0053465376</telephone><codePostal>87160</codePostal><dateDeNaissance>24/05/1975</dateDeNaissance></utilisateur><utilisateur sex="true" id="1067"><login>6eaa0e07</login><password>42bb1859-795</password><nom>Rodrigues</nom><prenom>Kilian</prenom><adresse>4 RUE DU MARECHAL JOFFRE BORT L ETANG</adresse><telephone>0242726791</telephone><codePostal>63190</codePostal><derniereConnection>06/07/2016 14:52:15</derniereConnection></utilisateur><utilisateur sex="true" id="1068"><login>74ee7c95</login><password>2f360098-818</password><nom>Briand</nom><prenom>Steven</prenom><adresse>30B RUE DE VERDUN CHAUDEBONNE</adresse><telephone>4948899207</telephone><codePostal>26110</codePostal><derniereConnection>06/07/2016 14:52:15</derniereConnection><dateDeNaissance>29/06/1986</dateDeNaissance></utilisateur><utilisateur sex="true" id="1069"><login>f52f0129</login><password>0b11243c-3a2</password><nom>Camus</nom><prenom>Gaspard</prenom><adresse>26 BD FEDHERBE SARROUILLES</adresse><telephone>2784006636</telephone><codePostal>65600</codePostal></utilisateur><utilisateur sex="false" id="1070"><login>bcc3241b</login><password>492182c2-f52</password><nom>Roy</nom><prenom>Myriam</prenom><adresse>23 CHEMIN DE LA CROIX MARGOT AUVERS</adresse><telephone>4101708738</telephone><codePostal>50500</codePostal><derniereConnection>06/07/2016 14:52:15</derniereConnection><dateDeNaissance>20/08/1957</dateDeNaissance></utilisateur><utilisateur sex="false" id="1071"><login>d04e54cd</login><password>a11f77d2-180</password><nom>Lebreton</nom><prenom>Clarisse</prenom><adresse>8 RUE DES ALOUETTES SAULXURES LES NANCY</adresse><telephone>5721593105</telephone><codePostal>54420</codePostal></utilisateur><utilisateur sex="false" id="1072"><login>a2b5d607</login><password>375303d4-5ec</password><nom>Delaunay</nom><prenom>Yasmine</prenom><adresse>11 BD SAINT VINCENT SAINT GOUENO</adresse><telephone>5524777622</telephone><codePostal>22330</codePostal><dateDeNaissance>22/07/1998</dateDeNaissance></utilisateur><utilisateur sex="false" id="1073"><login>b02184bb</login><password>a7b9ce94-e17</password><nom>Fabre</nom><prenom>Marine</prenom><adresse>177 RUE GABRIEL PERI ST SATURNIN DE LENNE</adresse><codePostal>12560</codePostal><derniereConnection>06/07/2016 14:52:15</derniereConnection></utilisateur><utilisateur sex="false" id="1074"><login>e3106ed6</login><password>07deeda8-a43</password><nom>Roster</nom><prenom>Salma</prenom><adresse>38 GRANDE RUE CONDE SUR AISNE</adresse><codePostal>2370</codePostal><derniereConnection>06/07/2016 14:52:15</derniereConnection></utilisateur><utilisateur sex="false" id="1075"><login>a6ada353</login><password>b4b569e0-523</password><nom>Hebert</nom><prenom>Lana</prenom><adresse>2 AVENUE JOSEPH CLOTIS WECKOLSHEIM</adresse><telephone>3857913381</telephone><codePostal>68600</codePostal></utilisateur><utilisateur sex="false" id="1076"><login>b4c5dde6</login><password>48c02bb9-919</password><nom>Royer</nom><prenom>Rose</prenom><adresse>167 AV ALPHONSE DE LAMARTINE WESTHALTEN</adresse><telephone>6658943892</telephone><codePostal>68250</codePostal><dateDeNaissance>14/03/1957</dateDeNaissance></utilisateur><utilisateur sex="false" id="1077"><login>51b2f7c5</login><password>981b6ffd-04c</password><nom>Riou</nom><prenom>Anna</prenom><adresse>13 RUE SAINT NICOLAS LE FENOUILLER</adresse><telephone>9451057845</telephone><codePostal>85800</codePostal><derniereConnection>06/07/2016 14:52:15</derniereConnection><dateDeNaissance>24/12/1996</dateDeNaissance></utilisateur><utilisateur sex="true" id="1078"><login>b5ce7269</login><password>9d6a8a2e-a99</password><nom>Reynaud</nom><prenom>Rayan</prenom><adresse>18 RUE DU BEARN DIOU</adresse><telephone>5176554048</telephone><codePostal>3490</codePostal><dateDeNaissance>28/04/1963</dateDeNaissance></utilisateur><utilisateur sex="false" id="1079"><login>dfc2a3cc</login><password>94c7c976-e97</password><nom>Chevalier</nom><prenom>Anais</prenom><adresse>14 RUE DE TANNEBOURG HERSERANGE</adresse><telephone>7920316666</telephone><codePostal>54440</codePostal><dateDeNaissance>10/06/1955</dateDeNaissance></utilisateur><utilisateur sex="true" id="1080"><login>c54e1517</login><password>8c97d628-e92</password><nom>Pereira</nom><prenom>Gaetan</prenom><adresse>20 RUE DU BEL AIR THIRON GARDAIS</adresse><telephone>4028910882</telephone><codePostal>28480</codePostal><derniereConnection>06/07/2016 14:52:15</derniereConnection><dateDeNaissance>16/07/2003</dateDeNaissance></utilisateur><utilisateur sex="true" id="1081"><login>0f7f837a</login><password>29c757e6-ce5</password><nom>Carlier</nom><prenom>Thibaut</prenom><adresse>5 RUE DE PREUILLY NANTES</adresse><telephone>8901226917</telephone><codePostal>44100</codePostal><derniereConnection>06/07/2016 14:52:15</derniereConnection><dateDeNaissance>06/09/2002</dateDeNaissance></utilisateur><utilisateur sex="false" id="1082"><login>1812a97a</login><password>97f03b32-b2f</password><nom>Lefort</nom><prenom>Celine</prenom><adresse>12B RUE DE LA VILLETTE L HAY LES ROSES</adresse><telephone>6603829734</telephone><codePostal>94240</codePostal><derniereConnection>06/07/2016 14:52:15</derniereConnection><dateDeNaissance>07/01/1970</dateDeNaissance></utilisateur><utilisateur sex="false" id="1083"><login>1b728c91</login><password>b10c541f-17c</password><nom>Fontaine</nom><prenom>Gabrielle</prenom><adresse>40 RUE THEODORE DECK GUAGNO</adresse><codePostal>20160</codePostal><dateDeNaissance>02/03/2003</dateDeNaissance></utilisateur><utilisateur sex="false" id="1084"><login>05646535</login><password>d92943b4-a64</password><nom>Pichon</nom><prenom>Rose</prenom><adresse>15 AVENUE DE CAUX MANSO</adresse><codePostal>20245</codePostal></utilisateur><utilisateur sex="false" id="1085"><login>a8b0f470</login><password>91438166-11e</password><nom>Perret</nom><prenom>Louise</prenom><adresse>4 RUE ALBERT PICHON BLINGEL</adresse><telephone>0450318690</telephone><codePostal>62770</codePostal><dateDeNaissance>02/11/1976</dateDeNaissance></utilisateur><utilisateur sex="true" id="1086"><login>edc1fa1c</login><password>08fab532-156</password><nom>Valentin</nom><prenom>David</prenom><adresse>1 VOIE DE CLERMONT MONTFERRAT</adresse><codePostal>83131</codePostal><derniereConnection>06/07/2016 14:52:15</derniereConnection></utilisateur><utilisateur sex="true" id="1087"><login>22e84946</login><password>0494a6e5-595</password><nom>Gay</nom><prenom>Nassim</prenom><adresse>24 RUE SAINT MORAND LA VILLE</adresse><telephone>2588610719</telephone><codePostal>69470</codePostal><derniereConnection>06/07/2016 14:52:15</derniereConnection><dateDeNaissance>18/01/1970</dateDeNaissance></utilisateur><utilisateur sex="true" id="1088"><login>e1870dba</login><password>81a7d965-1a4</password><nom>Lefevre</nom><prenom>Tony</prenom><adresse>18 RUE DES BONS RAISINS SAINT HILAIRE</adresse><telephone>9872340913</telephone><codePostal>3440</codePostal><derniereConnection>06/07/2016 14:52:15</derniereConnection><dateDeNaissance>05/04/1991</dateDeNaissance></utilisateur><utilisateur sex="true" id="1089"><login>f46d03a3</login><password>65cfbb0b-4e2</password><nom>Nguyen</nom><prenom>Robin</prenom><adresse>44 FAUBOURG VALMORIN LES VIGNEAUX</adresse><telephone>5173123722</telephone><codePostal>5120</codePostal><derniereConnection>06/07/2016 14:52:15</derniereConnection><dateDeNaissance>08/02/1967</dateDeNaissance></utilisateur><utilisateur sex="false" id="1090"><login>2055cf34</login><password>84597a82-76d</password><nom>Bonnet</nom><prenom>Jessica</prenom><adresse>13 RUE DU SQUARE GWARN DRAIZE VILLENEUVE LA RIVIERE</adresse><telephone>0261147007</telephone><codePostal>66610</codePostal></utilisateur><utilisateur sex="false" id="1091"><login>23002b13</login><password>7aa3ceba-fe4</password><nom>Morvan</nom><prenom>Manon</prenom><adresse>32 RUE BASLY EGUILLES</adresse><telephone>4917036845</telephone><codePostal>13510</codePostal><dateDeNaissance>05/03/1979</dateDeNaissance></utilisateur><utilisateur sex="true" id="1092"><login>33d3dcfc</login><password>962273f7-dc4</password><nom>Lacombe</nom><prenom>Morgan</prenom><adresse>278 RUE ADOLPHE MALEMORT DU COMTAT</adresse><telephone>2921098913</telephone><codePostal>84570</codePostal></utilisateur><utilisateur sex="true" id="1093"><login>e112da6d</login><password>220b2863-1b2</password><nom>Dumas</nom><prenom>Bilal</prenom><adresse>3 R DES GRIVES LA TRINITE SURZUR</adresse><codePostal>56190</codePostal><derniereConnection>06/07/2016 14:52:15</derniereConnection><dateDeNaissance>14/01/2001</dateDeNaissance></utilisateur><utilisateur sex="true" id="1094"><login>db2ed7ff</login><password>57c5adef-6cd</password><nom>Muller</nom><prenom>Maxence</prenom><adresse>55 RUE DE LA GRANGE AUX BELLES CHOISEL</adresse><telephone>7279929151</telephone><codePostal>78460</codePostal></utilisateur><utilisateur sex="true" id="1095"><login>78d38f1e</login><password>99e00f5b-7e3</password><nom>Monnier</nom><prenom>Jeremy</prenom><adresse>30 R DE L OCEAN SAINT OUEN MARCHEFROY</adresse><telephone>4873095828</telephone><codePostal>28560</codePostal><dateDeNaissance>14/06/1983</dateDeNaissance></utilisateur><utilisateur sex="false" id="1096"><login>06549158</login><password>d264059b-dc5</password><nom>Millet</nom><prenom>Leila</prenom><adresse>11 R DU SIGNAL CHEROY</adresse><codePostal>89690</codePostal><derniereConnection>06/07/2016 14:52:15</derniereConnection><dateDeNaissance>07/06/1990</dateDeNaissance></utilisateur><utilisateur sex="false" id="1097"><login>522d5dc6</login><password>f295302c-c83</password><nom>Pichon</nom><prenom>Romane</prenom><adresse>8 RUE MARIUS RAYNAUD ST NICOLAS LA CHAPELLE</adresse><telephone>8525696979</telephone><codePostal>73590</codePostal><dateDeNaissance>25/06/2003</dateDeNaissance></utilisateur><utilisateur sex="true" id="1098"><login>64858d9f</login><password>a66ec9a5-8de</password><nom>Lamy</nom><prenom>Corentin</prenom><adresse>10 RUE DE LA LIBERATION POINDIMIE</adresse><telephone>7297550886</telephone><codePostal>98822</codePostal><derniereConnection>06/07/2016 14:52:15</derniereConnection></utilisateur><utilisateur sex="false" id="1099"><login>705e8566</login><password>51cbeafa-c87</password><nom>Morvan</nom><prenom>Faustine</prenom><adresse>1093 RTE DU CAP BENAT DOMAINE POUGY</adresse><telephone>9720733037</telephone><codePostal>10240</codePostal><derniereConnection>06/07/2016 14:52:15</derniereConnection></utilisateur></utilisateurs>