1000;66c62088;5aa820c4-02d;true;Marchal;Valentin;93 AVENUE DE PEZENAS LE NOYER;18260;;01/07/2004;06/07/2016 14:52:15
1001;c0fb7248;3e7dbff6-396;false;Cousin;Lea;5 QUARTIER DE PONCHONNIERE SAINT HAON LE VIEUX;42370;;04/09/1966;
1002;638c8404;2a831d97-554;false;Valentin;Maelys;18 RUE DE KERAVEL MORAGNE;17430;5026822182;;06/07/2016 14:52:15
1003;cfb8c262;392a6d58-571;false;Mallet;Assia;6 RUE PRINCIPALE LA BERNERIE EN RETZ;44760;;02/04/1985;06/07/2016 14:52:15
1004;6bbe9709;9c5d4844-da5;true;Carpentier;Romain;33 RUE DES ALLIES DOMPNAC;7260;2475959404;;06/07/2016 14:52:15
1005;5d47f5e3;34ea2b26-e11;false;Da silva;Melanie;38 GRANDE RUE LABASTIDE ROUAIROUX;81270;3652793317;;
1006;076e55b7;99ae6e4e-450;true;Legrand;Enzo;51 PETITE RUE ST PYTHON;59730;;23/11/1962;
1007;1169dce9;60f7abc3-c89;false;Gonzalez;Lily;62 CHEMIN DE POURRADEL PAILLART;60120;8991357479;;
1008;8bf9753f;79a7a71a-1e4;true;Pasquier;Dylan;23 ALLEE DES CHEVALIERS SAINT AVIT DE VIALARD;24260;3256686769;;
1009;a3fc9d8e;eb75f1b7-03b;false;Meyer;Charline;5 RUE MARCELLIN BERTHELOT SERILHAC;19190;;;06/07/2016 14:52:15
1010;f753c823;6b6a7447-204;true;Gautier;Timothee;5 PL DU FORMUTIN ROSENWILLER;67560;;17/12/1990;
1011;1bad2334;f9f78e21-19e;false;Roche;Elea;24 RUE DES DEUX COMMUNES JUSSAC;15250;9634012707;;
1012;dd1c0c2b;b8e58348-987;false;Weber;Juliette;12 ROUTE DE HAZERA LES SORINIERES;44840;;29/11/1995;
1013;c142c611;b79d39cc-fe2;false;Moreau;Laura;94 RUE HUBER ACHERES;78260;;;06/07/2016 14:52:15
1014;977b55c1;95880193-397;true;Leroy;Martin;31 QUAI DE L OURCQ PORTETS;33640;;14/09/1983;06/07/2016 14:52:15
1015;baec9f78;674f5409-30f;false;Roux;Ilona;28 RUE JEAN DE LA FONTAINE COULANGES LES NEVERS;58660;9915804481;10/08/1956;06/07/2016 14:52:15
1016;4d943be9;34e1bf86-96c;false;Leclerc;Enora;6 CHEMIN DE VIDEAU PULVERSHEIM;68840;;;
1017;0e6e4a13;bd2ce74e-d62;true;Thosca;Johan;4622 BD LECLERC TANCUA;39400;5026512747;;06/07/2016 14:52:15
1018;76ebadbe;3ac7c641-e0b;false;Dupuy;Morgane;25 RUE ETIENNE DOLET MEAULTE;80810;9317847581;10/10/1998;06/07/2016 14:52:15
1019;e045cc64;f862be35-8ec;false;Dos santos;Oceane;6 ALLEE DU MOUSTOIR FLAMM TOULOUSE;31300;;;06/07/2016 14:52:15
1020;2c2bfec3;999a9701-039;true;Brun;Lucas;96 AVENUE RHIN ET DANUBE LOMBRON;72450;0452583776;16/10/1960;
1021;dc5b22c9;7a0072c9-331;true;Lebreton;Yanis;7 RUE DES DEPORTES MONT LE VIGNOBLE;54113;;18/12/1966;
1022;504e9f5e;3cbe2dbb-adc;true;Duval;Steven;48 RUE DE LIERS GRANGE LE BOCAGE;89260;6773697676;;06/07/2016 14:52:15
1023;fa81ab2b;abe90aef-c76;true;Gonzalves;Esteban;10 AVENUE VERRIER ST AMAND;50160;;06/04/1993;06/07/2016 14:52:15
1024;c4aec9ef;0175499d-7fa;false;Navarro;Clemence;6 RUE FREDERIC CHOPIN VAIRES SUR MARNE;77360;2507778167;10/11/1977;06/07/2016 14:52:15
1025;dad5a7ef;253f8b0b-048;false;Carlier;Leane;6 LOTISSEMENT DE LA MONTAGNE CAZOULES;24370;4117757773;;06/07/2016 14:52:15
1026;eb277c5e;e1bcd6df-4e1;false;Pelletier;Leila;1 ALLEE DE L ORMEAU ILE AUX MOINES;56780;;;06/07/2016 14:52:15
1027;cf376b95;1837a104-1d8;true;Caron;Mathis;30 RUE NATIONALE BUIRONFOSSE;2620;8889017928;;06/07/2016 14:52:15
1028;a8b23376;969da189-cce;false;Peltier;Charline;52 AVENUE DE LA PANOUSE SAINT GEORGES SUR FONTAINE;76690;;;
1029;8dd2e30d;4a1b2734-30c;true;Maurny;Enzo;31 BOULEVARD DU 14 JUILLET SAINT REMY;19290;9696632320;26/10/1958;06/07/2016 14:52:15
1030;b54687fc;96175cd0-a31;false;Leduc;Amelie;18 RUE PIERRE ET MARIE CURIE SOLLACARO;20140;;;06/07/2016 14:52:15
1031;ffc8fd19;eba55a5c-410;false;Baron;Maelys;144 RUE DU GRAND ARC DORNES;58390;;09/11/1976;
1032;5692fbb2;e3ef0acc-9f4;true;Lebrun;Alexis;22 RUE PIECES DE DESSUS VAULX VRAUCOURT;62159;9333189925;;
1033;afaccb35;f33be19c-950;false;Perrier;Charline;102 BOULEVARD NAPOLEON III LESCHERES;39170;9730631963;;
1034;000fc950;954b0562-455;true;Chevalier;Yassine;4 IMP DU DOCTEUR DROUOT ROUFFIGNAC ST CERNIN DE R;24580;3746298926;28/07/1976;
1035;2ca6ba3e;6f8ccf4e-828;false;Schneider;Faustine;14 RUE DU BAS LANGRUNE SUR MER;14830;5296344273;;
1036;96a7c521;0513962d-124;false;Lacombe;Imane;42 RUE GARDENAT LAPOSTOL CAHAGNOLLES;14490;3924414982;19/10/1991;06/07/2016 14:52:15
1037;f92c8a95;b75bb7dc-f68;false;Colin;Noemie;21 RUE GRANDVILLE VILLEPARISIS;77270;;28/03/2000;06/07/2016 14:52:15
1038;b35e3e44;95ccc5c0-9e1;false;Collet;Kenza;8 RUE VICTOR HUGO ONNION;74490;;30/10/1966;06/07/2016 14:52:15
1039;106d629e;f388d122-5f1;true;Germain;David;330 ROUTE DE MARLES MONTPELLIER;34080;;28/04/1984;
1040;73a403e2;14bc9edf-ebc;true;Langlois;Alexandre;9 RUE DU PAVILLON LENCLOITRE;86140;;;06/07/2016 14:52:15
1041;0738b187;d2d6f3af-136;false;Coulon;Olivia;32 RUE EMILE SOUVESTRE SAINT JOSEPH;97212;;16/06/1962;
1042;7e77e7bf;8e51079d-227;false;Bertin;Alice;7 RUE NEUVE POLLESTRES;66450;6443938977;24/06/2002;
1043;261a95f6;3e7dcbdd-567;true;Raynaud;Lenny;33 RUE GUSTAVE DELORY MERLETTE;5170;1719515980;;
1044;ef740561;9a02d4fa-64c;true;Colin;Louis;10 RUE DU PERCHE ORSIGNY;91400;;05/06/1985;06/07/2016 14:52:15
1045;b455778f;c66dee3f-e8c;false;Legrand;Elisa;48 RUE D OUVERT HEROUVILLE ST CLAIR;14200;7082081803;30/08/1984;06/07/2016 14:52:15
1046;43586d83;48dbe193-686;false;Petit;Lily;30 RUE HAIE DE BAILLEUL CAMPHIN EN CAREMBAULT;59133;;;
1047;9c815df1;eb892fde-952;false;Camus;Aurore;19 RUE DU VAU CHAPERON FONTENOY SUR MOSELLE;54840;1169163789;21/05/1989;06/07/2016 14:52:15
1048;f4e07f41;49e61551-960;false;Bonnet;Julie;5 RUE DE BETTENDORF BALZAC;16430;1119769328;;06/07/2016 14:52:15
1049;034c7203;9db528fb-7b6;false;Barbier;Leila;14 RUE DES FUSILLES DE 1940 LE GUA;38450;;08/02/1975;06/07/2016 14:52:15
1050;7a2910ea;258e3d0c-3c2;true;Pichon;Allan;15 RUE DE LARDEMELLE COLOMBIERS DU PLESSIS;53120;0400381998;;
1051;b3566d84;8ab3f2f4-fa7;false;Laine;Clementine;45 RUE DU COTEAU SOUTERNON;42260;;29/04/2004;
1052;34f7e25b;42c88cbc-c8d;false;Bigot;Sofia;19 RUE PRES SAINT JACQUES BURNEVILLERS;25470;7497879951;;06/07/2016 14:52:15
1053;5097077c;6dc5e9b1-1c2;false;Meyer;Ophelie;39 RUE DE L EGLISE BUSIGNY;59137;;;
1054;1f6cd04c;12328e74-5c6;false;Besson;Oceane;27 ROUTE DE LA FLEUR BOUZIC;24250;3104488054;;
1055;35d3ad04;d3811f29-9f3;false;Maurny;Ilona;2 AVENUE CHARLES PREVET AZEREIX;65380;;08/01/1987;06/07/2016 14:52:15
1056;b226f840;881e9cf3-8fe;true;Gauthier;Alban;4 RUE GASTON LEPERS COUHE;86700;6603222639;20/12/1987;
1057;67d8d3ca;517438c1-b91;false;Fournier;Lily;2B RUE DU MOULIN ST ANDRE DES EAUX;22630;8393036229;;06/07/2016 14:52:15
1058;6f555e47;c2e9c8fe-cd5;false;Barre;Fanny;12 RUE DU BOIS DES MOINES ELLECOURT;76390;8247931000;29/07/1999;06/07/2016 14:52:15
1059;dd46387b;7ca4aea6-d6e;true;Laporte;Pierre;29 LOU CLAPIO ROUFFIAC LAMARCHE SUR SAONE;21760;1894388802;22/06/1963;06/07/2016 14:52:15
1060;f36c0429;91d0d334-3b9;true;Mallet;Sacha;49 RUE JULES FERRY CHAVENON;3440;3908862066;06/05/1985;06/07/2016 14:52:15
1061;05b2d523;2fca3edc-e78;true;Collin;Matthias;42 RUE DE L OUCHETTE ROMAGNAT;63540;9892946226;;06/07/2016 14:52:15
1062;f70c784a;6efe3288-b53;true;Couturier;Joris;5 RUE DES PLATANES ARPAJON;91290;1089489915;;
1063;c317e6a0;11534c84-962;true;Navarro;Aymeric;859 ROUTE NATIONALE 85 AUBERIVES EN ROYANS;38680;;16/10/1981;
1064;c93753a1;b6520fd6-58f;false;Barbier;Salma;7 ALLEE DE L HOMME NOIR PIERRECLOS;71960;6179669379;;
1065;1de90eb6;d990961c-fa2;true;Roster;Kilian;14 VOIE ROMAINE LA FERTE ST CYR;41220;;;06/07/2016 14:52:15
1066;60f5f359;25be6fee-31e;false;Fernandez;Elsa;40 QUAI BLANQUI ST SULPICE LES FEUILLES;87160;0053465376;24/05/1975;
1067;6eaa0e07;42bb1859-795;true;Rodrigues;Kilian;4 RUE DU MARECHAL JOFFRE BORT L ETANG;63190;0242726791;;06/07/2016 14:52:15
1068;74ee7c95;2f360098-818;true;Briand;Steven;30B RUE DE VERDUN CHAUDEBONNE;26110;4948899207;29/06/1986;06/07/2016 14:52:15
1069;f52f0129;0b11243c-3a2;true;Camus;Gaspard;26 BD FEDHERBE SARROUILLES;65600;2784006636;;
1070;bcc3241b;492182c2-f52;false;Roy;Myriam;23 CHEMIN DE LA CROIX MARGOT AUVERS;50500;4101708738;20/08/1957;06/07/2016 14:52:15
1071;d04e54cd;a11f77d2-180;false;Lebreton;Clarisse;8 RUE DES ALOUETTES SAULXURES LES NANCY;54420;5721593105;;
1072;a2b5d607;375303d4-5ec;false;Delaunay;Yasmine;11 BD SAINT VINCENT SAINT GOUENO;22330;5524777622;22/07/1998;
1073;b02184bb;a7b9ce94-e17;false;Fabre;Marine;177 RUE GABRIEL PERI ST SATURNIN DE LENNE;12560;;;06/07/2016 14:52:15
1074;e3106ed6;07deeda8-a43;false;Roster;Salma;38 GRANDE RUE CONDE SUR AISNE;2370;;;06/07/2016 14:52:15
1075;a6ada353;b4b569e0-523;false;Hebert;Lana;2 AVENUE JOSEPH CLOTIS WECKOLSHEIM;68600;3857913381;;
1076;b4c5dde6;48c02bb9-919;false;Royer;Rose;167 AV ALPHONSE DE LAMARTINE WESTHALTEN;68250;6658943892;14/03/1957;
1077;51b2f7c5;981b6ffd-04c;false;Riou;Anna;13 RUE SAINT NICOLAS LE FENOUILLER;85800;9451057845;24/12/1996;06/07/2016 14:52:15
1078;b5ce7269;9d6a8a2e-a99;true;Reynaud;Rayan;18 RUE DU BEARN DIOU;3490;5176554048;28/04/1963;
1079;dfc2a3cc;94c7c976-e97;false;Chevalier;Anais;14 RUE DE TANNEBOURG HERSERANGE;54440;7920316666;10/06/1955;
1080;c54e1517;8c97d628-e92;true;Pereira;Gaetan;20 RUE DU BEL AIR THIRON GARDAIS;28480;4028910882;16/07/2003;06/07/2016 14:52:15
1081;0f7f837a;29c757e6-ce5;true;Carlier;Thibaut;5 RUE DE PREUILLY NANTES;44100;8901226917;06/09/2002;06/07/2016 14:52:15
1082;1812a97a;97f03b32-b2f;false;Lefort;Celine;12B RUE DE LA VILLETTE L HAY LES ROSES;94240;6603829734;07/01/1970;06/07/2016 14:52:15
1083;1b728c91;b10c541f-17c;false;Fontaine;Gabrielle;40 RUE THEODORE DECK GUAGNO;20160;;02/03/2003;
1084;05646535;d92943b4-a64;false;Pichon;Rose;15 AVENUE DE CAUX MANSO;20245;;;
1085;a8b0f470;91438166-11e;false;Perret;Louise;4 RUE ALBERT PICHON BLINGEL;62770;0450318690;02/11/1976;
1086;edc1fa1c;08fab532-156;true;Valentin;David;1 VOIE DE CLERMONT MONTFERRAT;83131;;;06/07/2016 14:52:15
1087;22e84946;0494a6e5-595;true;Gay;Nassim;24 RUE SAINT MORAND LA VILLE;69470;2588610719;18/01/1970;06/07/2016 14:52:15
1088;e1870dba;81a7d965-1a4;true;Lefevre;Tony;18 RUE DES BONS RAISINS SAINT HILAIRE;3440;9872340913;05/04/1991;06/07/2016 14:52:15
1089;f46d03a3;65cfbb0b-4e2;true;Nguyen;Robin;44 FAUBOURG VALMORIN LES VIGNEAUX;5120;5173123722;08/02/1967;06/07/2016 14:52:15
1090;2055cf34;84597a82-76d;false;Bonnet;Jessica;13 RUE DU SQUARE GWARN DRAIZE VILLENEUVE LA RIVIERE;66610;0261147007;;
1091;23002b13;7aa3ceba-fe4;false;Morvan;Manon;32 RUE BASLY EGUILLES;13510;4917036845;05/03/1979;
1092;33d3dcfc;962273f7-dc4;true;Lacombe;Morgan;278 RUE ADOLPHE MALEMORT DU COMTAT;84570;2921098913;;
1093;e112da6d;220b2863-1b2;true;Dumas;Bilal;3 R DES GRIVES LA TRINITE SURZUR;56190;;14/01/2001;06/07/2016 14:52:15
1094;db2ed7ff;57c5adef-6cd;true;Muller;Maxence;55 RUE DE LA GRANGE AUX BELLES CHOISEL;78460;7279929151;;
1095;78d38f1e;99e00f5b-7e3;true;Monnier;Jeremy;30 R DE L OCEAN SAINT OUEN MARCHEFROY;28560;4873095828;14/06/1983;
1096;06549158;d264059b-dc5;false;Millet;Leila;11 R DU SIGNAL CHEROY;89690;;07/06/1990;06/07/2016 14:52:15
1097;522d5dc6;f295302c-c83;false;Pichon;Romane;8 RUE MARIUS RAYNAUD ST NICOLAS LA CHAPELLE;73590;8525696979;25/06/2003;
1098;64858d9f;a66ec9a5-8de;true;Lamy;Corentin;10 RUE DE LA LIBERATION POINDIMIE;98822;7297550886;;06/07/2016 14:52:15
1099;705e8566;51cbeafa-c87;false;Morvan;Faustine;1093 RTE DU CAP BENAT DOMAINE POUGY;10240;9720733037;;06/07/2016 14:52:15
