<?xml version="1.0" encoding="UTF-8"?>
<!DOCTYPE xml>
<Configuration status="info" strict="true" name="XMLConfigTest" packages="org.apache.logging.log4j.test">
	<Appenders>
		<Appender type="Console" name="STDOUT">
			<Layout type="PatternLayout" pattern="[%d{dd/MM/yyyy HH:mm:ss}] - %5p - %l - %m %n" />
		</Appender>
	</Appenders>

	<Loggers>
		<Logger name="com.banque" level="debug" additivity="false">
			<AppenderRef ref="STDOUT" />
		</Logger>

		<Logger name="org.hibernate.SQL" level="trace" additivity="false">
			<AppenderRef ref="STDOUT" />
		</Logger>

		<Root level="info">
			<AppenderRef ref="STDOUT" />
		</Root>
	</Loggers>

</Configuration>