<?xml version="1.0" encoding="UTF-8"?>
<beans xmlns="http://www.springframework.org/schema/beans"
	xmlns:xsi="http://www.w3.org/2001/XMLSchema-instance" xmlns:context="http://www.springframework.org/schema/context"
	xsi:schemaLocation="http://www.springframework.org/schema/beans 
       http://www.springframework.org/schema/beans/spring-beans.xsd 
       http://www.springframework.org/schema/context 
       http://www.springframework.org/schema/context/spring-context.xsd">

	<context:property-placeholder location="classpath:batch/databaseForJobRepository.properties,classpath:database.properties" />

	<bean id="dataSource" destroy-method="close"
		class="org.apache.commons.dbcp2.BasicDataSource">
		<property name="driverClassName" value="${db.driver}" />
		<property name="url" value="${db.url}" />
		<property name="username" value="${db.login}" />
		<property name="password" value="${db.password}" />
	</bean>

	<bean id="jdbcTemplate" class="org.springframework.jdbc.core.JdbcTemplate">
		<property name="dataSource" ref="dataSource" />
	</bean>

	<context:component-scan base-package="com.banque.dao, com.banque.service" />


</beans>
