<?xml version="1.0" encoding="UTF-8"?>
<beans:beans 
    xmlns="http://www.springframework.org/schema/batch"
    xmlns:beans="http://www.springframework.org/schema/beans"
    xmlns:aop="http://www.springframework.org/schema/aop"
    xmlns:tx="http://www.springframework.org/schema/tx"
	xmlns:context="http://www.springframework.org/schema/context"     
    xmlns:xsi="http://www.w3.org/2001/XMLSchema-instance"
    xsi:schemaLocation="
	http://www.springframework.org/schema/beans
	http://www.springframework.org/schema/beans/spring-beans.xsd
	http://www.springframework.org/schema/batch
	http://www.springframework.org/schema/batch/spring-batch.xsd
	http://www.springframework.org/schema/aop 
	http://www.springframework.org/schema/aop/spring-aop.xsd
	http://www.springframework.org/schema/tx 
	http://www.springframework.org/schema/tx/spring-tx.xsd
	http://www.springframework.org/schema/context 
	http://www.springframework.org/schema/context/spring-context.xsd">
           

	<!-- Attention ici, le namespace par defaut est batch (et non pas beans) cf ligne 3 -->
	<job-repository id="jobRepository"
		data-source="dataSourceForJobRepository"
		transaction-manager="transactionManagerForJobRepository"
		 
		/>
	<!-- Autres informations possibles -->
	<!--
	 	isolation-level-for-create="SERIALIZABLE"
    	table-prefix="BATCH_"
		max-varchar-length="1000"	 
	 -->
	
	<!-- Gestion transactionnel pour le jobRepository -->
	<aop:config>
		<aop:pointcut	id="jobRepositoryTransactionPointcut" 
						expression="execution(* org.springframework.batch.core..*Repository+.*(..))" />
		<aop:advisor 	advice-ref="txAdviceForJobRepository" 
						pointcut-ref="jobRepositoryTransactionPointcut" />    
	</aop:config>
	
	<tx:advice	id="txAdviceForJobRepository" 
				transaction-manager="transactionManagerForJobRepository">
		<tx:attributes><tx:method name="*" /></tx:attributes>
	</tx:advice>
	
	<!-- Declaration de ma data source pour le jobRepository -->	
	<beans:bean id="dataSourceForJobRepository" destroy-method="close" class="org.apache.commons.dbcp2.BasicDataSource">
		<beans:property name="driverClassName"	value="${db.job.repository.driver}" />
		<beans:property name="url" 				value="${db.job.repository.url}" />
		<beans:property name="username"			value="${db.job.repository.login}" />
		<beans:property name="password"			value="${db.job.repository.password}" />
	</beans:bean>	

	<beans:bean id="transactionManagerForJobRepository" class="org.springframework.jdbc.datasource.DataSourceTransactionManager">
		<beans:property name="dataSource" ref="dataSourceForJobRepository" />
	</beans:bean>

	<beans:bean id="jobLauncher" class="org.springframework.batch.core.launch.support.SimpleJobLauncher">
	    <beans:property name="jobRepository" ref="jobRepository" />
	</beans:bean>

</beans:beans>