<?xml version="1.0" encoding="UTF-8"?>
<beans xmlns="http://www.springframework.org/schema/beans"
	xmlns:batch="http://www.springframework.org/schema/batch" xmlns:xsi="http://www.w3.org/2001/XMLSchema-instance"
	xsi:schemaLocation="http://www.springframework.org/schema/batch
		http://www.springframework.org/schema/batch/spring-batch.xsd
		http://www.springframework.org/schema/beans 
		http://www.springframework.org/schema/beans/spring-beans.xsd">

	<bean id="itemProcessor" class="com.banque.batch.processor.UtilisateurItemProcessor" />

	<batch:job id="jobExample" job-repository="jobRepository">
		<batch:step id="step1">
			<batch:tasklet>
				<batch:chunk reader="utilisateurCsvReader" writer="utilisateurXmlWriter" processor="itemProcessor" commit-interval="10" />
			</batch:tasklet>
		</batch:step>
	</batch:job>
	
	<bean id="dateDeNaissanceEditor" class="com.banque.batch.fieldset.SqlDateEditor">
		<constructor-arg value="dd/MM/yyyy" />
	</bean>
	<bean id="derniereConnectionEditor" class="com.banque.batch.fieldset.SqlTimestampEditor">
		<constructor-arg value="dd/MM/yyyy HH:mm:ss" />
	</bean>

	<!-- Objet responsable de la lecture du flux CSV -->
	<bean id="utilisateurCsvReader" class="org.springframework.batch.item.file.FlatFileItemReader">

		<property name="resource" value="file:T:/WorkspaceFormation/s2-batch-exo1/in_out/utilisateurs.csv" />

		<property name="lineMapper">
			<!-- Va transformer chaque ligne du fichier en objet de type adapte -->
			<bean class="org.springframework.batch.item.file.mapping.DefaultLineMapper">
				<property name="lineTokenizer">
					<bean class="org.springframework.batch.item.file.transform.DelimitedLineTokenizer">
						<property name="names" value="id,login,password,sex,nom,prenom,adresse,codePostal,telephone,dateDeNaissance,derniereConnection" />
						<property name="delimiter" value=";" />
					</bean>
				</property>
				<property name="fieldSetMapper">
					<!-- Si nos methodes set ne prennent que des type primitifs, wrapper, String -->
					<!-- Attention cet objet ne passe pas par les methodes set mais directement via les attributs -->
					<!-- On lui ajoute des Editor afin de lui expliquer comment gerer dateDeNaissance et derniereConnection -->
					<bean class="org.springframework.batch.item.file.mapping.BeanWrapperFieldSetMapper">
						<property name="targetType" value="com.banque.entity.UtilisateurEntity" />
						<property name="customEditors">
							<map>
								<entry key="java.sql.Date" value-ref="dateDeNaissanceEditor" />
								<entry key="java.sql.Timestamp" value-ref="derniereConnectionEditor" />
							</map>
						</property>
					</bean>
				</property>
			</bean>
		</property>
	</bean>

	<!-- Objet responsable de l'ecriture du fichier XML -->
	<!-- Important : pour fonctionner correctement cet objet aura besoin de spring-xml. La version dependra de celle du Spring  -->
	<bean id="utilisateurXmlWriter" class="org.springframework.batch.item.xml.StaxEventItemWriter">
		<property name="resource" value="file:T:/WorkspaceFormation/s2-batch-exo1/in_out/outreport.xml" />
		<property name="marshaller">
			<bean id="utilisateurXmlMarshaller" class="org.springframework.oxm.jaxb.Jaxb2Marshaller">
				<property name="classesToBeBound">
					<list>
						<value>com.banque.entity.UtilisateurEntity</value>
					</list>
				</property>
			</bean>
		</property>
		<property name="rootTagName" value="utilisateurs" />
	</bean>

</beans>